<ImportExportXml xmlns:xsi="http://www.w3.org/2001/XMLSchema-instance">
  <Entities></Entities>
  <Roles></Roles>
  <Workflows></Workflows>
  <FieldSecurityProfiles></FieldSecurityProfiles>
  <Templates />
  <EntityMaps />
  <EntityRelationships />
  <OrganizationSettings />
  <optionsets />
  <CustomControls />
  <EntityDataProviders />
  <CanvasApps>
    <CanvasApp>
      <Name>diana_draganddropdemoapp_eee15</Name>
      <AppVersion>2024-07-21T09:23:47Z</AppVersion>
      <Status>Ready</Status>
      <CreatedByClientVersion>3.24072.14.0</CreatedByClientVersion>
      <MinClientVersion>3.24072.14.0</MinClientVersion>
      <Tags>{"primaryDeviceWidth":"1366","primaryDeviceHeight":"768","supportsPortrait":"true","supportsLandscape":"true","primaryFormFactor":"Tablet","showStatusBar":"false","publisherVersion":"3.24072.14","minimumRequiredApiVersion":"2.2.0","hasComponent":"false","hasUnlockedComponent":"false","isUnifiedRootApp":"false","sienaVersion":"20240721T092151Z-3.24072.14.0"}</Tags>
      <IsCdsUpgraded>0</IsCdsUpgraded>
      <GalleryItemId xsi:nil="true"></GalleryItemId>
      <BackgroundColor>RGBA(0,176,240,1)</BackgroundColor>
      <DisplayName>DragAndDropDemoApp</DisplayName>
      <Description xsi:nil="true"></Description>
      <CommitMessage xsi:nil="true"></CommitMessage>
      <Publisher xsi:nil="true"></Publisher>
      <AuthorizationReferences>[]</AuthorizationReferences>
      <ConnectionReferences>{}</ConnectionReferences>
      <DatabaseReferences>{"default.cds":{"databaseDetails":{"referenceType":"Environmental","environmentName":"default.cds","overrideValues":{"status":"NotSpecified"}},"dataSources":{},"components":[{"componentName":"CustomControl","identifier":"diana_Dianamics.DragAndDrop","identifierType":"LogicalName"},{"componentName":"CustomControl","identifier":"diana_Dianamics.DragAndDrop","identifierType":"LogicalName"},{"componentName":"CustomControl","identifier":"diana_Dianamics.DragAndDrop","identifierType":"LogicalName"},{"componentName":"CustomControl","identifier":"diana_Dianamics.DragAndDrop","identifierType":"LogicalName"},{"componentName":"CustomControl","identifier":"diana_Dianamics.DragAndDrop","identifierType":"LogicalName"}]}}</DatabaseReferences>
      <AppComponents>[]</AppComponents>
      <AppComponentDependencies>[]</AppComponentDependencies>
      <CanConsumeAppPass>0</CanConsumeAppPass>
      <CanvasAppType>0</CanvasAppType>
      <BypassConsent>0</BypassConsent>
      <AdminControlBypassConsent>0</AdminControlBypassConsent>
      <EmbeddedApp xsi:nil="true"></EmbeddedApp>
      <IntroducedVersion>1.0</IntroducedVersion>
      <CdsDependencies>{"cdsdependencies":[{"dependencyid":"","logicalname":"diana_Dianamics.DragAndDrop","componenttype":66,"componenttypeplatformname":"CustomControl"},{"dependencyid":"","logicalname":"diana_Dianamics.DragAndDrop","componenttype":66,"componenttypeplatformname":"CustomControl"},{"dependencyid":"","logicalname":"diana_Dianamics.DragAndDrop","componenttype":66,"componenttypeplatformname":"CustomControl"},{"dependencyid":"","logicalname":"diana_Dianamics.DragAndDrop","componenttype":66,"componenttypeplatformname":"CustomControl"},{"dependencyid":"","logicalname":"diana_Dianamics.DragAndDrop","componenttype":66,"componenttypeplatformname":"CustomControl"}]}</CdsDependencies>
      <IsCustomizable>1</IsCustomizable>
      <BackgroundImageUri>/CanvasApps/diana_draganddropdemoapp_eee15_BackgroundImageUri</BackgroundImageUri>
      <DocumentUri>/CanvasApps/diana_draganddropdemoapp_eee15_DocumentUri.msapp</DocumentUri>
      <AdditionalUris>
        <AdditionalUri>/CanvasApps/diana_draganddropdemoapp_eee15_AdditionalUris0_identity.json</AdditionalUri>
      </AdditionalUris>
    </CanvasApp>
    <CanvasApp>
      <Name>diana_officedeskplanner_5541a</Name>
      <AppVersion>2024-07-22T20:44:37Z</AppVersion>
      <Status>Ready</Status>
      <CreatedByClientVersion>3.24072.14.0</CreatedByClientVersion>
      <MinClientVersion>3.24072.14.0</MinClientVersion>
      <Tags>{"primaryDeviceWidth":"1366","primaryDeviceHeight":"768","supportsPortrait":"true","supportsLandscape":"true","primaryFormFactor":"Tablet","showStatusBar":"false","publisherVersion":"3.24072.14","minimumRequiredApiVersion":"2.2.0","hasComponent":"false","hasUnlockedComponent":"false","isUnifiedRootApp":"false","sienaVersion":"20240722T203849Z-3.24072.14.0"}</Tags>
      <IsCdsUpgraded>0</IsCdsUpgraded>
      <GalleryItemId xsi:nil="true"></GalleryItemId>
      <BackgroundColor>RGBA(0,176,240,1)</BackgroundColor>
      <DisplayName>OfficeDeskPlanner</DisplayName>
      <Description xsi:nil="true"></Description>
      <CommitMessage xsi:nil="true"></CommitMessage>
      <Publisher xsi:nil="true"></Publisher>
      <AuthorizationReferences>[]</AuthorizationReferences>
      <ConnectionReferences>{"79024929-d735-424e-abb4-ee7e43ab0210":{"id":"/providers/microsoft.powerapps/apis/shared_office365users","displayName":"Office 365 Users","iconUri":"https://connectoricons-prod.azureedge.net/releases/v1.0.1694/1.0.1694.3752/office365users/icon.png","dataSources":["Office365Users"],"dependencies":[],"dependents":[],"parameterHints":{},"parameterHintsV2":{},"isOnPremiseConnection":false,"bypassConsent":false,"dataSets":{},"apiTier":"Standard","actions":["SearchUser","UserPhoto"]}}</ConnectionReferences>
      <DatabaseReferences>{"default.cds":{"databaseDetails":{"referenceType":"Environmental","environmentName":"default.cds","overrideValues":{"status":"NotSpecified"}},"components":[{"componentName":"CustomControl","identifier":"diana_Dianamics.DragAndDrop","identifierType":"LogicalName"},{"componentName":"CustomControl","identifier":"diana_Dianamics.DragAndDrop","identifierType":"LogicalName"}]}}</DatabaseReferences>
      <AppComponents>[]</AppComponents>
      <AppComponentDependencies>[]</AppComponentDependencies>
      <CanConsumeAppPass>0</CanConsumeAppPass>
      <CanvasAppType>0</CanvasAppType>
      <BypassConsent>0</BypassConsent>
      <AdminControlBypassConsent>0</AdminControlBypassConsent>
      <EmbeddedApp xsi:nil="true"></EmbeddedApp>
      <IntroducedVersion>1.0</IntroducedVersion>
      <CdsDependencies>{"cdsdependencies":[{"dependencyid":"","logicalname":"diana_Dianamics.DragAndDrop","componenttype":66,"componenttypeplatformname":"CustomControl"},{"dependencyid":"","logicalname":"diana_Dianamics.DragAndDrop","componenttype":66,"componenttypeplatformname":"CustomControl"}]}</CdsDependencies>
      <IsCustomizable>1</IsCustomizable>
      <BackgroundImageUri>/CanvasApps/diana_officedeskplanner_5541a_BackgroundImageUri</BackgroundImageUri>
      <DocumentUri>/CanvasApps/diana_officedeskplanner_5541a_DocumentUri.msapp</DocumentUri>
      <AdditionalUris>
        <AdditionalUri>/CanvasApps/diana_officedeskplanner_5541a_AdditionalUris0_identity.json</AdditionalUri>
      </AdditionalUris>
    </CanvasApp>
    <CanvasApp>
      <Name>diana_socker_89904</Name>
      <AppVersion>2024-07-21T17:48:39Z</AppVersion>
      <Status>Ready</Status>
      <CreatedByClientVersion>3.24072.14.0</CreatedByClientVersion>
      <MinClientVersion>3.24072.14.0</MinClientVersion>
      <Tags>{"primaryDeviceWidth":"1366","primaryDeviceHeight":"768","supportsPortrait":"true","supportsLandscape":"true","primaryFormFactor":"Tablet","showStatusBar":"false","publisherVersion":"3.24072.14","minimumRequiredApiVersion":"2.2.0","hasComponent":"false","hasUnlockedComponent":"false","isUnifiedRootApp":"false","sienaVersion":"20240721T173352Z-3.24072.14.0"}</Tags>
      <IsCdsUpgraded>0</IsCdsUpgraded>
      <GalleryItemId xsi:nil="true"></GalleryItemId>
      <BackgroundColor>RGBA(0,176,240,1)</BackgroundColor>
      <DisplayName>Socker</DisplayName>
      <Description xsi:nil="true"></Description>
      <CommitMessage xsi:nil="true"></CommitMessage>
      <Publisher xsi:nil="true"></Publisher>
      <AuthorizationReferences>[]</AuthorizationReferences>
      <ConnectionReferences>{}</ConnectionReferences>
      <DatabaseReferences>{"default.cds":{"databaseDetails":{"referenceType":"Environmental","environmentName":"default.cds","overrideValues":{"status":"NotSpecified"}},"dataSources":{},"components":[{"componentName":"CustomControl","identifier":"diana_Dianamics.DragAndDrop","identifierType":"LogicalName"},{"componentName":"CustomControl","identifier":"diana_Dianamics.DragAndDrop","identifierType":"LogicalName"},{"componentName":"CustomControl","identifier":"diana_Dianamics.DragAndDrop","identifierType":"LogicalName"}]}}</DatabaseReferences>
      <AppComponents>[]</AppComponents>
      <AppComponentDependencies>[]</AppComponentDependencies>
      <CanConsumeAppPass>0</CanConsumeAppPass>
      <CanvasAppType>0</CanvasAppType>
      <BypassConsent>0</BypassConsent>
      <AdminControlBypassConsent>0</AdminControlBypassConsent>
      <EmbeddedApp xsi:nil="true"></EmbeddedApp>
      <IntroducedVersion>1.0</IntroducedVersion>
      <CdsDependencies>{"cdsdependencies":[{"dependencyid":"","logicalname":"diana_Dianamics.DragAndDrop","componenttype":66,"componenttypeplatformname":"CustomControl"},{"dependencyid":"","logicalname":"diana_Dianamics.DragAndDrop","componenttype":66,"componenttypeplatformname":"CustomControl"},{"dependencyid":"","logicalname":"diana_Dianamics.DragAndDrop","componenttype":66,"componenttypeplatformname":"CustomControl"}]}</CdsDependencies>
      <IsCustomizable>1</IsCustomizable>
      <BackgroundImageUri>/CanvasApps/diana_socker_89904_BackgroundImageUri</BackgroundImageUri>
      <DocumentUri>/CanvasApps/diana_socker_89904_DocumentUri.msapp</DocumentUri>
      <AdditionalUris>
        <AdditionalUri>/CanvasApps/diana_socker_89904_AdditionalUris0_identity.json</AdditionalUri>
      </AdditionalUris>
    </CanvasApp>
    <CanvasApp>
      <Name>diana_timeentrydemo_f3e26</Name>
      <AppVersion>2024-07-27T06:55:27Z</AppVersion>
      <Status>Ready</Status>
      <CreatedByClientVersion>3.24073.20.0</CreatedByClientVersion>
      <MinClientVersion>3.24073.20.0</MinClientVersion>
      <Tags>{"primaryDeviceWidth":"1366","primaryDeviceHeight":"768","supportsPortrait":"true","supportsLandscape":"true","primaryFormFactor":"Tablet","showStatusBar":"false","publisherVersion":"3.24073.20","minimumRequiredApiVersion":"2.2.0","hasComponent":"false","hasUnlockedComponent":"false","isUnifiedRootApp":"false","sienaVersion":"20240727T065314Z-3.24073.20.0"}</Tags>
      <IsCdsUpgraded>0</IsCdsUpgraded>
      <GalleryItemId xsi:nil="true"></GalleryItemId>
      <BackgroundColor>RGBA(0,176,240,1)</BackgroundColor>
      <DisplayName>TimeEntryDemo</DisplayName>
      <Description xsi:nil="true"></Description>
      <CommitMessage xsi:nil="true"></CommitMessage>
      <Publisher xsi:nil="true"></Publisher>
      <AuthorizationReferences>[]</AuthorizationReferences>
      <ConnectionReferences>{}</ConnectionReferences>
      <DatabaseReferences>{"default.cds":{"databaseDetails":{"referenceType":"Environmental","environmentName":"default.cds","overrideValues":{"status":"NotSpecified"}},"dataSources":{},"components":[{"componentName":"CustomControl","identifier":"diana_Dianamics.DragAndDrop","identifierType":"LogicalName"},{"componentName":"CustomControl","identifier":"diana_Dianamics.DragAndDrop","identifierType":"LogicalName"}]}}</DatabaseReferences>
      <AppComponents>[]</AppComponents>
      <AppComponentDependencies>[]</AppComponentDependencies>
      <CanConsumeAppPass>1</CanConsumeAppPass>
      <CanvasAppType>0</CanvasAppType>
      <BypassConsent>0</BypassConsent>
      <AdminControlBypassConsent>0</AdminControlBypassConsent>
      <EmbeddedApp xsi:nil="true"></EmbeddedApp>
      <IntroducedVersion>1.0</IntroducedVersion>
      <CdsDependencies>{"cdsdependencies":[{"dependencyid":"","logicalname":"diana_Dianamics.DragAndDrop","componenttype":66,"componenttypeplatformname":"CustomControl"},{"dependencyid":"","logicalname":"diana_Dianamics.DragAndDrop","componenttype":66,"componenttypeplatformname":"CustomControl"}]}</CdsDependencies>
      <IsCustomizable>1</IsCustomizable>
      <BackgroundImageUri>/CanvasApps/diana_timeentrydemo_f3e26_BackgroundImageUri</BackgroundImageUri>
      <DocumentUri>/CanvasApps/diana_timeentrydemo_f3e26_DocumentUri.msapp</DocumentUri>
      <AdditionalUris>
        <AdditionalUri>/CanvasApps/diana_timeentrydemo_f3e26_AdditionalUris0_identity.json</AdditionalUri>
      </AdditionalUris>
    </CanvasApp>
  </CanvasApps>
  <Languages>
    <Language>1033</Language>
    <Language>1031</Language>
  </Languages>
</ImportExportXml>